Channel;Products;Age;Impact
Online;3.4;2;Medium
Online;3.6;4;Medium
Online;4.6;6;Low
Direct;2.6;3;Medium
Direct;0.8;4;Medium
Online;2.9;4;Medium
Online;3.7;4;Low
Online;3.3;5;Low
Direct;2.7;4;High
Online;4.1;4;Low
Direct;2.9;5;Medium
Direct;1.6;3;High
Direct;2.6;4;Medium
Online;2.9;5;Low
Online;3.5;3;Low
Online;3.4;3;Medium
Online;3.8;5;Low
Online;3.4;4;Medium
Online;3;4;Low
Online;3.4;5;Medium
Direct;2.3;5;Medium
Direct;2;3;High
Online;3.9;6;Low
Online;3.8;6;Low
Online;4.1;4;Low
Online;3.6;4;Low
Direct;2.4;3;High
Direct;2.4;3;High
Online;5;5;Medium
Direct;2.7;4;High
Direct;1.9;2;Medium
Online;3;3;Medium
Online;3.9;4;Medium
Online;3.6;5;Low
Online;3.6;5;Medium
Direct;2.2;4;Medium
Direct;1;2;High
Online;3.8;5;Low
Online;3.7;6;Medium
Online;4.4;4;Medium
Direct;2.3;3;High
Online;3.4;4;Low
Direct;2.5;2;High
Direct;2.8;3;Medium
Online;4.5;4;Low
Direct;2.9;3;High
Online;2.9;4;Low
Direct;1.5;3;High
Online;3.9;4;Medium
Direct;2.4;2;High
Online;4.4;4;Medium
Online;3.3;5;Medium
Direct;2.2;2;High
Direct;2.8;3;Medium
Online;3.1;4;Low
Online;3.2;3;Low
Online;3.6;4;Low
Direct;2.6;2;High
Direct;2.9;2;High
Online;3.8;5;Medium
